data,variavel,valor
2000-01-01,DP,0.47
2000-01-01,EX0,0.56
2000-01-01,EX3,0.33
2000-01-01,MS,0.48
2000-01-01,Média dos núcleos,0.43600000000000005
2000-01-01,P55,0.34
2000-02-01,DP,0.32
2000-02-01,EX0,0.45
2000-02-01,EX3,0.21
2000-02-01,MS,0.44
2000-02-01,Média dos núcleos,0.31000000000000005
2000-02-01,P55,0.13
2000-03-01,DP,0.21
2000-03-01,EX0,0.05
2000-03-01,EX3,-0.03
2000-03-01,MS,0.37
2000-03-01,Média dos núcleos,0.13999999999999999
2000-03-01,P55,0.1
2000-04-01,DP,0.6
2000-04-01,EX0,0.87
2000-04-01,EX3,0.22
2000-04-01,MS,0.45
2000-04-01,Média dos núcleos,0.4640000000000001
2000-04-01,P55,0.18
2000-05-01,DP,0.18
2000-05-01,EX0,0.2
2000-05-01,EX3,0.16
2000-05-01,MS,0.35
2000-05-01,Média dos núcleos,0.18
2000-05-01,P55,0.01
2000-06-01,DP,0.28
2000-06-01,EX0,0.3
2000-06-01,EX3,0.36
2000-06-01,MS,0.42
2000-06-01,Média dos núcleos,0.292
2000-06-01,P55,0.1
2000-07-01,DP,0.84
2000-07-01,EX0,0.26
2000-07-01,EX3,0.12
2000-07-01,MS,0.58
2000-07-01,Média dos núcleos,0.476
2000-07-01,P55,0.58
2000-08-01,DP,0.72
2000-08-01,EX0,0.34
2000-08-01,EX3,0.38
2000-08-01,MS,0.58
2000-08-01,Média dos núcleos,0.4739999999999999
2000-08-01,P55,0.35
2000-09-01,DP,0.24
2000-09-01,EX0,0.23
2000-09-01,EX3,0.28
2000-09-01,MS,0.4
2000-09-01,Média dos núcleos,0.25599999999999995
2000-09-01,P55,0.13
2000-10-01,DP,0.18
2000-10-01,EX0,0.23
2000-10-01,EX3,0.22
2000-10-01,MS,0.4
2000-10-01,Média dos núcleos,0.22600000000000003
2000-10-01,P55,0.1
2000-11-01,DP,0.24
2000-11-01,EX0,0.13
2000-11-01,EX3,0.18
2000-11-01,MS,0.3
2000-11-01,Média dos núcleos,0.20800000000000002
2000-11-01,P55,0.19
2000-12-01,DP,0.44
2000-12-01,EX0,0.2
2000-12-01,EX3,0.24
2000-12-01,MS,0.36
2000-12-01,Média dos núcleos,0.308
2000-12-01,P55,0.3
2001-01-01,DP,0.47
2001-01-01,EX0,0.37
2001-01-01,EX3,0.35
2001-01-01,MS,0.41
2001-01-01,Média dos núcleos,0.388
2001-01-01,P55,0.34
2001-02-01,DP,0.55
2001-02-01,EX0,0.58
2001-02-01,EX3,0.38
2001-02-01,MS,0.52
2001-02-01,Média dos núcleos,0.4960000000000001
2001-02-01,P55,0.45
2001-03-01,DP,0.36
2001-03-01,EX0,0.28
2001-03-01,EX3,0.32
2001-03-01,MS,0.57
2001-03-01,Média dos núcleos,0.364
2001-03-01,P55,0.29
2001-04-01,DP,0.44
2001-04-01,EX0,0.4
2001-04-01,EX3,0.31
2001-04-01,MS,0.46
2001-04-01,Média dos núcleos,0.4
2001-04-01,P55,0.39
2001-05-01,DP,0.51
2001-05-01,EX0,0.38
2001-05-01,EX3,0.42
2001-05-01,MS,0.6
2001-05-01,Média dos núcleos,0.466
2001-05-01,P55,0.42
2001-06-01,DP,0.79
2001-06-01,EX0,0.27
2001-06-01,EX3,0.38
2001-06-01,MS,0.73
2001-06-01,Média dos núcleos,0.524
2001-06-01,P55,0.45
2001-07-01,DP,1.08
2001-07-01,EX0,0.6
2001-07-01,EX3,0.62
2001-07-01,MS,0.65
2001-07-01,Média dos núcleos,0.7060000000000001
2001-07-01,P55,0.58
2001-08-01,DP,0.7
2001-08-01,EX0,0.52
2001-08-01,EX3,0.56
2001-08-01,MS,0.56
2001-08-01,Média dos núcleos,0.582
2001-08-01,P55,0.57
2001-09-01,DP,0.4
2001-09-01,EX0,0.23
2001-09-01,EX3,0.46
2001-09-01,MS,0.57
2001-09-01,Média dos núcleos,0.4
2001-09-01,P55,0.34
2001-10-01,DP,0.56
2001-10-01,EX0,0.5
2001-10-01,EX3,0.39
2001-10-01,MS,0.57
2001-10-01,Média dos núcleos,0.48200000000000004
2001-10-01,P55,0.39
2001-11-01,DP,0.63
2001-11-01,EX0,0.6
2001-11-01,EX3,0.61
2001-11-01,MS,0.77
2001-11-01,Média dos núcleos,0.634
2001-11-01,P55,0.56
2001-12-01,DP,0.72
2001-12-01,EX0,0.77
2001-12-01,EX3,0.92
2001-12-01,MS,0.78
2001-12-01,Média dos núcleos,0.7519999999999999
2001-12-01,P55,0.57
2002-01-01,DP,0.57
2002-01-01,EX0,0.49
2002-01-01,EX3,0.44
2002-01-01,MS,0.52
2002-01-01,Média dos núcleos,0.524
2002-01-01,P55,0.6
2002-02-01,DP,0.52
2002-02-01,EX0,0.83
2002-02-01,EX3,0.46
2002-02-01,MS,0.54
2002-02-01,Média dos núcleos,0.554
2002-02-01,P55,0.42
2002-03-01,DP,0.53
2002-03-01,EX0,0.43
2002-03-01,EX3,0.54
2002-03-01,MS,0.58
2002-03-01,Média dos núcleos,0.538
2002-03-01,P55,0.61
2002-04-01,DP,0.52
2002-04-01,EX0,0.51
2002-04-01,EX3,0.53
2002-04-01,MS,0.56
2002-04-01,Média dos núcleos,0.528
2002-04-01,P55,0.52
2002-05-01,DP,0.4
2002-05-01,EX0,0.52
2002-05-01,EX3,0.53
2002-05-01,MS,0.51
2002-05-01,Média dos núcleos,0.484
2002-05-01,P55,0.46
2002-06-01,DP,0.38
2002-06-01,EX0,0.16
2002-06-01,EX3,0.31
2002-06-01,MS,0.4
2002-06-01,Média dos núcleos,0.282
2002-06-01,P55,0.16
2002-07-01,DP,0.86
2002-07-01,EX0,0.49
2002-07-01,EX3,0.56
2002-07-01,MS,0.51
2002-07-01,Média dos núcleos,0.62
2002-07-01,P55,0.68
2002-08-01,DP,0.7
2002-08-01,EX0,0.4
2002-08-01,EX3,0.48
2002-08-01,MS,0.65
2002-08-01,Média dos núcleos,0.55
2002-08-01,P55,0.52
2002-09-01,DP,0.66
2002-09-01,EX0,0.61
2002-09-01,EX3,0.69
2002-09-01,MS,0.78
2002-09-01,Média dos núcleos,0.662
2002-09-01,P55,0.57
2002-10-01,DP,0.97
2002-10-01,EX0,0.74
2002-10-01,EX3,0.73
2002-10-01,MS,0.78
2002-10-01,Média dos núcleos,0.8059999999999998
2002-10-01,P55,0.81
2002-11-01,DP,1.95
2002-11-01,EX0,1.17
2002-11-01,EX3,1.21
2002-11-01,MS,1.32
2002-11-01,Média dos núcleos,1.5
2002-11-01,P55,1.85
2002-12-01,DP,1.75
2002-12-01,EX0,1.66
2002-12-01,EX3,1.84
2002-12-01,MS,1.36
2002-12-01,Média dos núcleos,1.67
2002-12-01,P55,1.74
2003-01-01,DP,1.84
2003-01-01,EX0,1.38
2003-01-01,EX3,1.46
2003-01-01,MS,1.32
2003-01-01,Média dos núcleos,1.542
2003-01-01,P55,1.71
2003-02-01,DP,1.35
2003-02-01,EX0,0.99
2003-02-01,EX3,0.62
2003-02-01,MS,0.93
2003-02-01,Média dos núcleos,0.916
2003-02-01,P55,0.69
2003-03-01,DP,1.2
2003-03-01,EX0,1.13
2003-03-01,EX3,1.36
2003-03-01,MS,1.23
2003-03-01,Média dos núcleos,1.162
2003-03-01,P55,0.89
2003-04-01,DP,0.98
2003-04-01,EX0,0.81
2003-04-01,EX3,0.99
2003-04-01,MS,1.1
2003-04-01,Média dos núcleos,0.9380000000000001
2003-04-01,P55,0.81
2003-05-01,DP,0.85
2003-05-01,EX0,0.56
2003-05-01,EX3,0.9
2003-05-01,MS,1.0
2003-05-01,Média dos núcleos,0.788
2003-05-01,P55,0.63
2003-06-01,DP,0.4
2003-06-01,EX0,0.52
2003-06-01,EX3,0.81
2003-06-01,MS,0.87
2003-06-01,Média dos núcleos,0.56
2003-06-01,P55,0.2
2003-07-01,DP,0.47
2003-07-01,EX0,0.37
2003-07-01,EX3,0.4
2003-07-01,MS,0.65
2003-07-01,Média dos núcleos,0.45199999999999996
2003-07-01,P55,0.37
2003-08-01,DP,0.44
2003-08-01,EX0,0.37
2003-08-01,EX3,0.34
2003-08-01,MS,0.58
2003-08-01,Média dos núcleos,0.42000000000000004
2003-08-01,P55,0.37
2003-09-01,DP,0.71
2003-09-01,EX0,0.37
2003-09-01,EX3,0.47
2003-09-01,MS,0.86
2003-09-01,Média dos núcleos,0.632
2003-09-01,P55,0.75
2003-10-01,DP,0.38
2003-10-01,EX0,0.37
2003-10-01,EX3,0.57
2003-10-01,MS,0.77
2003-10-01,Média dos núcleos,0.488
2003-10-01,P55,0.35
2003-11-01,DP,0.47
2003-11-01,EX0,0.38
2003-11-01,EX3,0.47
2003-11-01,MS,0.56
2003-11-01,Média dos núcleos,0.45600000000000007
2003-11-01,P55,0.4
2003-12-01,DP,0.58
2003-12-01,EX0,0.63
2003-12-01,EX3,0.61
2003-12-01,MS,0.72
2003-12-01,Média dos núcleos,0.622
2003-12-01,P55,0.57
2004-01-01,DP,0.7
2004-01-01,EX0,0.64
2004-01-01,EX3,0.6
2004-01-01,MS,0.73
2004-01-01,Média dos núcleos,0.658
2004-01-01,P55,0.62
2004-02-01,DP,0.62
2004-02-01,EX0,1.0
2004-02-01,EX3,0.25
2004-02-01,MS,0.48
2004-02-01,Média dos núcleos,0.53
2004-02-01,P55,0.3
2004-03-01,DP,0.71
2004-03-01,EX0,0.85
2004-03-01,EX3,0.58
2004-03-01,MS,0.76
2004-03-01,Média dos núcleos,0.716
2004-03-01,P55,0.68
2004-04-01,DP,0.52
2004-04-01,EX0,0.72
2004-04-01,EX3,0.82
2004-04-01,MS,0.57
2004-04-01,Média dos núcleos,0.642
2004-04-01,P55,0.58
2004-05-01,DP,0.53
2004-05-01,EX0,0.7
2004-05-01,EX3,0.86
2004-05-01,MS,0.59
2004-05-01,Média dos núcleos,0.598
2004-05-01,P55,0.31
2004-06-01,DP,0.6
2004-06-01,EX0,0.53
2004-06-01,EX3,0.6
2004-06-01,MS,0.6
2004-06-01,Média dos núcleos,0.5700000000000001
2004-06-01,P55,0.52
2004-07-01,DP,0.73
2004-07-01,EX0,0.46
2004-07-01,EX3,0.53
2004-07-01,MS,0.55
2004-07-01,Média dos núcleos,0.594
2004-07-01,P55,0.7
2004-08-01,DP,0.61
2004-08-01,EX0,0.56
2004-08-01,EX3,0.49
2004-08-01,MS,0.55
2004-08-01,Média dos núcleos,0.548
2004-08-01,P55,0.53
2004-09-01,DP,0.48
2004-09-01,EX0,0.41
2004-09-01,EX3,0.39
2004-09-01,MS,0.56
2004-09-01,Média dos núcleos,0.43600000000000005
2004-09-01,P55,0.34
2004-10-01,DP,0.55
2004-10-01,EX0,0.55
2004-10-01,EX3,0.55
2004-10-01,MS,0.6
2004-10-01,Média dos núcleos,0.564
2004-10-01,P55,0.57
2004-11-01,DP,0.6
2004-11-01,EX0,0.57
2004-11-01,EX3,0.61
2004-11-01,MS,0.62
2004-11-01,Média dos núcleos,0.598
2004-11-01,P55,0.59
2004-12-01,DP,0.79
2004-12-01,EX0,0.67
2004-12-01,EX3,0.71
2004-12-01,MS,0.67
2004-12-01,Média dos núcleos,0.72
2004-12-01,P55,0.76
2005-01-01,DP,0.65
2005-01-01,EX0,0.56
2005-01-01,EX3,0.52
2005-01-01,MS,0.66
2005-01-01,Média dos núcleos,0.5860000000000001
2005-01-01,P55,0.54
2005-02-01,DP,0.65
2005-02-01,EX0,0.93
2005-02-01,EX3,0.47
2005-02-01,MS,0.6
2005-02-01,Média dos núcleos,0.586
2005-02-01,P55,0.28
2005-03-01,DP,0.76
2005-03-01,EX0,0.41
2005-03-01,EX3,0.46
2005-03-01,MS,0.62
2005-03-01,Média dos núcleos,0.538
2005-03-01,P55,0.44
2005-04-01,DP,0.79
2005-04-01,EX0,0.71
2005-04-01,EX3,0.81
2005-04-01,MS,0.7
2005-04-01,Média dos núcleos,0.744
2005-04-01,P55,0.71
2005-05-01,DP,0.56
2005-05-01,EX0,0.57
2005-05-01,EX3,0.73
2005-05-01,MS,0.65
2005-05-01,Média dos núcleos,0.5959999999999999
2005-05-01,P55,0.47
2005-06-01,DP,0.3
2005-06-01,EX0,0.36
2005-06-01,EX3,0.34
2005-06-01,MS,0.49
2005-06-01,Média dos núcleos,0.348
2005-06-01,P55,0.25
2005-07-01,DP,0.36
2005-07-01,EX0,0.37
2005-07-01,EX3,0.37
2005-07-01,MS,0.45
2005-07-01,Média dos núcleos,0.362
2005-07-01,P55,0.26
2005-08-01,DP,0.32
2005-08-01,EX0,0.26
2005-08-01,EX3,0.18
2005-08-01,MS,0.36
2005-08-01,Média dos núcleos,0.296
2005-08-01,P55,0.36
2005-09-01,DP,0.39
2005-09-01,EX0,0.3
2005-09-01,EX3,0.29
2005-09-01,MS,0.51
2005-09-01,Média dos núcleos,0.35200000000000004
2005-09-01,P55,0.27
2005-10-01,DP,0.6
2005-10-01,EX0,0.38
2005-10-01,EX3,0.41
2005-10-01,MS,0.58
2005-10-01,Média dos núcleos,0.4960000000000001
2005-10-01,P55,0.51
2005-11-01,DP,0.47
2005-11-01,EX0,0.27
2005-11-01,EX3,0.41
2005-11-01,MS,0.51
2005-11-01,Média dos núcleos,0.45999999999999996
2005-11-01,P55,0.64
2005-12-01,DP,0.32
2005-12-01,EX0,0.3
2005-12-01,EX3,0.45
2005-12-01,MS,0.43
2005-12-01,Média dos núcleos,0.348
2005-12-01,P55,0.24
2006-01-01,DP,0.65
2006-01-01,EX0,0.87
2006-01-01,EX3,0.6
2006-01-01,MS,0.61
2006-01-01,Média dos núcleos,0.6639999999999999
2006-01-01,P55,0.59
2006-02-01,DP,0.39
2006-02-01,EX0,0.71
2006-02-01,EX3,0.27
2006-02-01,MS,0.49
2006-02-01,Média dos núcleos,0.46399999999999997
2006-02-01,P55,0.46
2006-03-01,DP,0.29
2006-03-01,EX0,0.53
2006-03-01,EX3,0.2
2006-03-01,MS,0.45
2006-03-01,Média dos núcleos,0.37
2006-03-01,P55,0.38
2006-04-01,DP,0.24
2006-04-01,EX0,0.22
2006-04-01,EX3,0.45
2006-04-01,MS,0.41
2006-04-01,Média dos núcleos,0.292
2006-04-01,P55,0.14
2006-05-01,DP,0.26
2006-05-01,EX0,-0.03
2006-05-01,EX3,0.44
2006-05-01,MS,0.47
2006-05-01,Média dos núcleos,0.276
2006-05-01,P55,0.24
2006-06-01,DP,0.01
2006-06-01,EX0,-0.16
2006-06-01,EX3,0.22
2006-06-01,MS,0.3
2006-06-01,Média dos núcleos,0.086
2006-06-01,P55,0.06
2006-07-01,DP,0.22
2006-07-01,EX0,0.14
2006-07-01,EX3,0.15
2006-07-01,MS,0.29
2006-07-01,Média dos núcleos,0.192
2006-07-01,P55,0.16
2006-08-01,DP,0.15
2006-08-01,EX0,0.13
2006-08-01,EX3,0.14
2006-08-01,MS,0.23
2006-08-01,Média dos núcleos,0.138
2006-08-01,P55,0.04
2006-09-01,DP,0.25
2006-09-01,EX0,0.23
2006-09-01,EX3,0.2
2006-09-01,MS,0.32
2006-09-01,Média dos núcleos,0.21200000000000002
2006-09-01,P55,0.06
2006-10-01,DP,0.31
2006-10-01,EX0,0.29
2006-10-01,EX3,0.36
2006-10-01,MS,0.32
2006-10-01,Média dos núcleos,0.318
2006-10-01,P55,0.31
2006-11-01,DP,0.23
2006-11-01,EX0,0.23
2006-11-01,EX3,0.25
2006-11-01,MS,0.27
2006-11-01,Média dos núcleos,0.22000000000000003
2006-11-01,P55,0.12
2006-12-01,DP,0.55
2006-12-01,EX0,0.35
2006-12-01,EX3,0.46
2006-12-01,MS,0.38
2006-12-01,Média dos núcleos,0.40599999999999997
2006-12-01,P55,0.29
2007-01-01,DP,0.48
2007-01-01,EX0,0.42
2007-01-01,EX3,0.4
2007-01-01,MS,0.39
2007-01-01,Média dos núcleos,0.42000000000000004
2007-01-01,P55,0.41
2007-02-01,DP,0.36
2007-02-01,EX0,0.52
2007-02-01,EX3,0.17
2007-02-01,MS,0.24
2007-02-01,Média dos núcleos,0.32
2007-02-01,P55,0.31
2007-03-01,DP,0.33
2007-03-01,EX0,0.23
2007-03-01,EX3,0.24
2007-03-01,MS,0.29
2007-03-01,Média dos núcleos,0.274
2007-03-01,P55,0.28
2007-04-01,DP,0.33
2007-04-01,EX0,0.29
2007-04-01,EX3,0.24
2007-04-01,MS,0.29
2007-04-01,Média dos núcleos,0.304
2007-04-01,P55,0.37
2007-05-01,DP,0.36
2007-05-01,EX0,0.33
2007-05-01,EX3,0.36
2007-05-01,MS,0.3
2007-05-01,Média dos núcleos,0.336
2007-05-01,P55,0.33
2007-06-01,DP,0.36
2007-06-01,EX0,0.22
2007-06-01,EX3,0.36
2007-06-01,MS,0.34
2007-06-01,Média dos núcleos,0.29599999999999993
2007-06-01,P55,0.2
2007-07-01,DP,0.2
2007-07-01,EX0,0.08
2007-07-01,EX3,0.06
2007-07-01,MS,0.2
2007-07-01,Média dos núcleos,0.134
2007-07-01,P55,0.13
2007-08-01,DP,0.44
2007-08-01,EX0,0.35
2007-08-01,EX3,0.34
2007-08-01,MS,0.4
2007-08-01,Média dos núcleos,0.39399999999999996
2007-08-01,P55,0.44
2007-09-01,DP,0.3
2007-09-01,EX0,0.25
2007-09-01,EX3,0.35
2007-09-01,MS,0.34
2007-09-01,Média dos núcleos,0.32599999999999996
2007-09-01,P55,0.39
2007-10-01,DP,0.37
2007-10-01,EX0,0.4
2007-10-01,EX3,0.54
2007-10-01,MS,0.43
2007-10-01,Média dos núcleos,0.42800000000000005
2007-10-01,P55,0.4
2007-11-01,DP,0.4
2007-11-01,EX0,0.37
2007-11-01,EX3,0.48
2007-11-01,MS,0.36
2007-11-01,Média dos núcleos,0.392
2007-11-01,P55,0.35
2007-12-01,DP,0.57
2007-12-01,EX0,0.59
2007-12-01,EX3,0.62
2007-12-01,MS,0.4
2007-12-01,Média dos núcleos,0.5319999999999999
2007-12-01,P55,0.48
2008-01-01,DP,0.51
2008-01-01,EX0,0.4
2008-01-01,EX3,0.43
2008-01-01,MS,0.37
2008-01-01,Média dos núcleos,0.44400000000000006
2008-01-01,P55,0.51
2008-02-01,DP,0.44
2008-02-01,EX0,0.69
2008-02-01,EX3,0.3
2008-02-01,MS,0.27
2008-02-01,Média dos núcleos,0.414
2008-02-01,P55,0.37
2008-03-01,DP,0.47
2008-03-01,EX0,0.36
2008-03-01,EX3,0.51
2008-03-01,MS,0.39
2008-03-01,Média dos núcleos,0.42400000000000004
2008-03-01,P55,0.39
2008-04-01,DP,0.55
2008-04-01,EX0,0.53
2008-04-01,EX3,0.77
2008-04-01,MS,0.48
2008-04-01,Média dos núcleos,0.548
2008-04-01,P55,0.41
2008-05-01,DP,0.7
2008-05-01,EX0,0.68
2008-05-01,EX3,0.86
2008-05-01,MS,0.5
2008-05-01,Média dos núcleos,0.652
2008-05-01,P55,0.52
2008-06-01,DP,0.64
2008-06-01,EX0,0.55
2008-06-01,EX3,0.67
2008-06-01,MS,0.49
2008-06-01,Média dos núcleos,0.562
2008-06-01,P55,0.46
2008-07-01,DP,0.54
2008-07-01,EX0,0.39
2008-07-01,EX3,0.47
2008-07-01,MS,0.36
2008-07-01,Média dos núcleos,0.45
2008-07-01,P55,0.49
2008-08-01,DP,0.48
2008-08-01,EX0,0.5
2008-08-01,EX3,0.58
2008-08-01,MS,0.36
2008-08-01,Média dos núcleos,0.48
2008-08-01,P55,0.48
2008-09-01,DP,0.51
2008-09-01,EX0,0.62
2008-09-01,EX3,0.72
2008-09-01,MS,0.45
2008-09-01,Média dos núcleos,0.5660000000000001
2008-09-01,P55,0.53
2008-10-01,DP,0.45
2008-10-01,EX0,0.51
2008-10-01,EX3,0.66
2008-10-01,MS,0.37
2008-10-01,Média dos núcleos,0.48600000000000004
2008-10-01,P55,0.44
2008-11-01,DP,0.31
2008-11-01,EX0,0.36
2008-11-01,EX3,0.52
2008-11-01,MS,0.35
2008-11-01,Média dos núcleos,0.368
2008-11-01,P55,0.3
2008-12-01,DP,0.3
2008-12-01,EX0,0.33
2008-12-01,EX3,0.65
2008-12-01,MS,0.33
2008-12-01,Média dos núcleos,0.402
2008-12-01,P55,0.4
2009-01-01,DP,0.4
2009-01-01,EX0,0.27
2009-01-01,EX3,0.58
2009-01-01,MS,0.42
2009-01-01,Média dos núcleos,0.42799999999999994
2009-01-01,P55,0.47
2009-02-01,DP,0.48
2009-02-01,EX0,0.88
2009-02-01,EX3,0.46
2009-02-01,MS,0.29
2009-02-01,Média dos núcleos,0.518
2009-02-01,P55,0.48
2009-03-01,DP,0.28
2009-03-01,EX0,0.25
2009-03-01,EX3,0.41
2009-03-01,MS,0.35
2009-03-01,Média dos núcleos,0.32399999999999995
2009-03-01,P55,0.33
2009-04-01,DP,0.49
2009-04-01,EX0,0.58
2009-04-01,EX3,0.51
2009-04-01,MS,0.35
2009-04-01,Média dos núcleos,0.48200000000000004
2009-04-01,P55,0.48
2009-05-01,DP,0.48
2009-05-01,EX0,0.56
2009-05-01,EX3,0.63
2009-05-01,MS,0.44
2009-05-01,Média dos núcleos,0.504
2009-05-01,P55,0.41
2009-06-01,DP,0.37
2009-06-01,EX0,0.32
2009-06-01,EX3,0.52
2009-06-01,MS,0.38
2009-06-01,Média dos núcleos,0.4080000000000001
2009-06-01,P55,0.45
2009-07-01,DP,0.31
2009-07-01,EX0,0.23
2009-07-01,EX3,0.35
2009-07-01,MS,0.3
2009-07-01,Média dos núcleos,0.292
2009-07-01,P55,0.27
2009-08-01,DP,0.23
2009-08-01,EX0,0.29
2009-08-01,EX3,0.27
2009-08-01,MS,0.25
2009-08-01,Média dos núcleos,0.28200000000000003
2009-08-01,P55,0.37
2009-09-01,DP,0.39
2009-09-01,EX0,0.35
2009-09-01,EX3,0.34
2009-09-01,MS,0.39
2009-09-01,Média dos núcleos,0.35000000000000003
2009-09-01,P55,0.28
2009-10-01,DP,0.33
2009-10-01,EX0,0.33
2009-10-01,EX3,0.26
2009-10-01,MS,0.31
2009-10-01,Média dos núcleos,0.31200000000000006
2009-10-01,P55,0.33
2009-11-01,DP,0.4
2009-11-01,EX0,0.42
2009-11-01,EX3,0.57
2009-11-01,MS,0.39
2009-11-01,Média dos núcleos,0.422
2009-11-01,P55,0.33
2009-12-01,DP,0.47
2009-12-01,EX0,0.44
2009-12-01,EX3,0.52
2009-12-01,MS,0.42
2009-12-01,Média dos núcleos,0.414
2009-12-01,P55,0.22
2010-01-01,DP,0.6
2010-01-01,EX0,0.58
2010-01-01,EX3,0.53
2010-01-01,MS,0.48
2010-01-01,Média dos núcleos,0.5439999999999999
2010-01-01,P55,0.53
2010-02-01,DP,0.47
2010-02-01,EX0,0.86
2010-02-01,EX3,0.29
2010-02-01,MS,0.39
2010-02-01,Média dos núcleos,0.49799999999999994
2010-02-01,P55,0.48
2010-03-01,DP,0.4
2010-03-01,EX0,0.46
2010-03-01,EX3,0.51
2010-03-01,MS,0.46
2010-03-01,Média dos núcleos,0.4720000000000001
2010-03-01,P55,0.53
2010-04-01,DP,0.42
2010-04-01,EX0,0.43
2010-04-01,EX3,0.48
2010-04-01,MS,0.5
2010-04-01,Média dos núcleos,0.45999999999999996
2010-04-01,P55,0.47
2010-05-01,DP,0.57
2010-05-01,EX0,0.62
2010-05-01,EX3,0.8
2010-05-01,MS,0.62
2010-05-01,Média dos núcleos,0.6699999999999999
2010-05-01,P55,0.74
2010-06-01,DP,0.29
2010-06-01,EX0,0.4
2010-06-01,EX3,0.52
2010-06-01,MS,0.4
2010-06-01,Média dos núcleos,0.35
2010-06-01,P55,0.14
2010-07-01,DP,0.2
2010-07-01,EX0,0.2
2010-07-01,EX3,0.18
2010-07-01,MS,0.25
2010-07-01,Média dos núcleos,0.2
2010-07-01,P55,0.17
2010-08-01,DP,0.19
2010-08-01,EX0,0.24
2010-08-01,EX3,0.35
2010-08-01,MS,0.33
2010-08-01,Média dos núcleos,0.26799999999999996
2010-08-01,P55,0.23
2010-09-01,DP,0.39
2010-09-01,EX0,0.34
2010-09-01,EX3,0.42
2010-09-01,MS,0.43
2010-09-01,Média dos núcleos,0.392
2010-09-01,P55,0.38
2010-10-01,DP,0.58
2010-10-01,EX0,0.55
2010-10-01,EX3,0.65
2010-10-01,MS,0.55
2010-10-01,Média dos núcleos,0.584
2010-10-01,P55,0.59
2010-11-01,DP,0.66
2010-11-01,EX0,0.57
2010-11-01,EX3,0.72
2010-11-01,MS,0.56
2010-11-01,Média dos núcleos,0.628
2010-11-01,P55,0.63
2010-12-01,DP,0.71
2010-12-01,EX0,0.71
2010-12-01,EX3,0.94
2010-12-01,MS,0.52
2010-12-01,Média dos núcleos,0.6679999999999999
2010-12-01,P55,0.46
2011-01-01,DP,0.8
2011-01-01,EX0,0.66
2011-01-01,EX3,0.7
2011-01-01,MS,0.54
2011-01-01,Média dos núcleos,0.666
2011-01-01,P55,0.63
2011-02-01,DP,0.7
2011-02-01,EX0,1.23
2011-02-01,EX3,0.52
2011-02-01,MS,0.4
2011-02-01,Média dos núcleos,0.688
2011-02-01,P55,0.59
2011-03-01,DP,0.7
2011-03-01,EX0,0.69
2011-03-01,EX3,0.62
2011-03-01,MS,0.49
2011-03-01,Média dos núcleos,0.622
2011-03-01,P55,0.61
2011-04-01,DP,0.68
2011-04-01,EX0,0.58
2011-04-01,EX3,0.72
2011-04-01,MS,0.6
2011-04-01,Média dos núcleos,0.646
2011-04-01,P55,0.65
2011-05-01,DP,0.59
2011-05-01,EX0,0.43
2011-05-01,EX3,0.75
2011-05-01,MS,0.64
2011-05-01,Média dos núcleos,0.6399999999999999
2011-05-01,P55,0.79
2011-06-01,DP,0.42
2011-06-01,EX0,0.5
2011-06-01,EX3,0.78
2011-06-01,MS,0.54
2011-06-01,Média dos núcleos,0.536
2011-06-01,P55,0.44
2011-07-01,DP,0.38
2011-07-01,EX0,0.4
2011-07-01,EX3,0.42
2011-07-01,MS,0.41
2011-07-01,Média dos núcleos,0.356
2011-07-01,P55,0.17
2011-08-01,DP,0.39
2011-08-01,EX0,0.45
2011-08-01,EX3,0.51
2011-08-01,MS,0.55
2011-08-01,Média dos núcleos,0.476
2011-08-01,P55,0.48
2011-09-01,DP,0.51
2011-09-01,EX0,0.44
2011-09-01,EX3,0.54
2011-09-01,MS,0.58
2011-09-01,Média dos núcleos,0.516
2011-09-01,P55,0.51
2011-10-01,DP,0.5
2011-10-01,EX0,0.43
2011-10-01,EX3,0.62
2011-10-01,MS,0.59
2011-10-01,Média dos núcleos,0.508
2011-10-01,P55,0.4
2011-11-01,DP,0.53
2011-11-01,EX0,0.45
2011-11-01,EX3,0.52
2011-11-01,MS,0.55
2011-11-01,Média dos núcleos,0.516
2011-11-01,P55,0.53
2011-12-01,DP,0.54
2011-12-01,EX0,0.49
2011-12-01,EX3,0.66
2011-12-01,MS,0.58
2011-12-01,Média dos núcleos,0.562
2011-12-01,P55,0.54
2012-01-01,DP,0.59
2012-01-01,EX0,0.57
2012-01-01,EX3,0.59
2012-01-01,MS,0.47
2012-01-01,Média dos núcleos,0.5379999999999999
2012-01-01,P55,0.47
2012-02-01,DP,0.47
2012-02-01,EX0,0.65
2012-02-01,EX3,0.52
2012-02-01,MS,0.41
2012-02-01,Média dos núcleos,0.5279999999999999
2012-02-01,P55,0.59
2012-03-01,DP,0.26
2012-03-01,EX0,0.22
2012-03-01,EX3,0.28
2012-03-01,MS,0.28
2012-03-01,Média dos núcleos,0.272
2012-03-01,P55,0.32
2012-04-01,DP,0.61
2012-04-01,EX0,0.71
2012-04-01,EX3,0.56
2012-04-01,MS,0.51
2012-04-01,Média dos núcleos,0.5980000000000001
2012-04-01,P55,0.6
2012-05-01,DP,0.34
2012-05-01,EX0,0.26
2012-05-01,EX3,0.5
2012-05-01,MS,0.45
2012-05-01,Média dos núcleos,0.404
2012-05-01,P55,0.47
2012-06-01,DP,0.07
2012-06-01,EX0,-0.09
2012-06-01,EX3,0.44
2012-06-01,MS,0.39
2012-06-01,Média dos núcleos,0.27
2012-06-01,P55,0.54
2012-07-01,DP,0.53
2012-07-01,EX0,0.43
2012-07-01,EX3,0.53
2012-07-01,MS,0.4
2012-07-01,Média dos núcleos,0.446
2012-07-01,P55,0.34
2012-08-01,DP,0.45
2012-08-01,EX0,0.4
2012-08-01,EX3,0.54
2012-08-01,MS,0.5
2012-08-01,Média dos núcleos,0.484
2012-08-01,P55,0.53
2012-09-01,DP,0.51
2012-09-01,EX0,0.39
2012-09-01,EX3,0.46
2012-09-01,MS,0.49
2012-09-01,Média dos núcleos,0.492
2012-09-01,P55,0.61
2012-10-01,DP,0.55
2012-10-01,EX0,0.48
2012-10-01,EX3,0.61
2012-10-01,MS,0.54
2012-10-01,Média dos núcleos,0.5499999999999999
2012-10-01,P55,0.57
2012-11-01,DP,0.62
2012-11-01,EX0,0.64
2012-11-01,EX3,0.59
2012-11-01,MS,0.49
2012-11-01,Média dos núcleos,0.588
2012-11-01,P55,0.6
2012-12-01,DP,0.67
2012-12-01,EX0,0.88
2012-12-01,EX3,0.68
2012-12-01,MS,0.56
2012-12-01,Média dos núcleos,0.666
2012-12-01,P55,0.54
2013-01-01,DP,0.65
2013-01-01,EX0,0.87
2013-01-01,EX3,0.71
2013-01-01,MS,0.73
2013-01-01,Média dos núcleos,0.734
2013-01-01,P55,0.71
2013-02-01,DP,0.55
2013-02-01,EX0,1.0
2013-02-01,EX3,0.91
2013-02-01,MS,0.53
2013-02-01,Média dos núcleos,0.728
2013-02-01,P55,0.65
2013-03-01,DP,0.46
2013-03-01,EX0,0.31
2013-03-01,EX3,0.49
2013-03-01,MS,0.47
2013-03-01,Média dos núcleos,0.45600000000000007
2013-03-01,P55,0.55
2013-04-01,DP,0.53
2013-04-01,EX0,0.45
2013-04-01,EX3,0.68
2013-04-01,MS,0.53
2013-04-01,Média dos núcleos,0.5680000000000001
2013-04-01,P55,0.65
2013-05-01,DP,0.5
2013-05-01,EX0,0.48
2013-05-01,EX3,0.64
2013-05-01,MS,0.52
2013-05-01,Média dos núcleos,0.542
2013-05-01,P55,0.57
2013-06-01,DP,0.43
2013-06-01,EX0,0.38
2013-06-01,EX3,0.57
2013-06-01,MS,0.36
2013-06-01,Média dos núcleos,0.43
2013-06-01,P55,0.41
2013-07-01,DP,0.34
2013-07-01,EX0,0.35
2013-07-01,EX3,0.32
2013-07-01,MS,0.29
2013-07-01,Média dos núcleos,0.322
2013-07-01,P55,0.31
2013-08-01,DP,0.42
2013-08-01,EX0,0.45
2013-08-01,EX3,0.49
2013-08-01,MS,0.42
2013-08-01,Média dos núcleos,0.458
2013-08-01,P55,0.51
2013-09-01,DP,0.46
2013-09-01,EX0,0.52
2013-09-01,EX3,0.51
2013-09-01,MS,0.43
2013-09-01,Média dos núcleos,0.458
2013-09-01,P55,0.37
2013-10-01,DP,0.61
2013-10-01,EX0,0.6
2013-10-01,EX3,0.75
2013-10-01,MS,0.58
2013-10-01,Média dos núcleos,0.624
2013-10-01,P55,0.58
2013-11-01,DP,0.52
2013-11-01,EX0,0.6
2013-11-01,EX3,0.55
2013-11-01,MS,0.45
2013-11-01,Média dos núcleos,0.534
2013-11-01,P55,0.55
2013-12-01,DP,0.79
2013-12-01,EX0,0.96
2013-12-01,EX3,0.75
2013-12-01,MS,0.58
2013-12-01,Média dos núcleos,0.766
2013-12-01,P55,0.75
2014-01-01,DP,0.55
2014-01-01,EX0,0.52
2014-01-01,EX3,0.5
2014-01-01,MS,0.55
2014-01-01,Média dos núcleos,0.548
2014-01-01,P55,0.62
2014-02-01,DP,0.69
2014-02-01,EX0,0.92
2014-02-01,EX3,0.75
2014-02-01,MS,0.51
2014-02-01,Média dos núcleos,0.718
2014-02-01,P55,0.72
2014-03-01,DP,0.59
2014-03-01,EX0,0.88
2014-03-01,EX3,0.67
2014-03-01,MS,0.59
2014-03-01,Média dos núcleos,0.682
2014-03-01,P55,0.68
2014-04-01,DP,0.56
2014-04-01,EX0,0.41
2014-04-01,EX3,0.54
2014-04-01,MS,0.56
2014-04-01,Média dos núcleos,0.53
2014-04-01,P55,0.58
2014-05-01,DP,0.5
2014-05-01,EX0,0.42
2014-05-01,EX3,0.79
2014-05-01,MS,0.64
2014-05-01,Média dos núcleos,0.634
2014-05-01,P55,0.82
2014-06-01,DP,0.61
2014-06-01,EX0,0.73
2014-06-01,EX3,0.63
2014-06-01,MS,0.56
2014-06-01,Média dos núcleos,0.608
2014-06-01,P55,0.51
2014-07-01,DP,0.21
2014-07-01,EX0,0.01
2014-07-01,EX3,0.38
2014-07-01,MS,0.35
2014-07-01,Média dos núcleos,0.248
2014-07-01,P55,0.29
2014-08-01,DP,0.44
2014-08-01,EX0,0.38
2014-08-01,EX3,0.45
2014-08-01,MS,0.4
2014-08-01,Média dos núcleos,0.42400000000000004
2014-08-01,P55,0.45
2014-09-01,DP,0.57
2014-09-01,EX0,0.58
2014-09-01,EX3,0.56
2014-09-01,MS,0.54
2014-09-01,Média dos núcleos,0.5700000000000001
2014-09-01,P55,0.6
2014-10-01,DP,0.44
2014-10-01,EX0,0.42
2014-10-01,EX3,0.42
2014-10-01,MS,0.51
2014-10-01,Média dos núcleos,0.47800000000000004
2014-10-01,P55,0.6
2014-11-01,DP,0.38
2014-11-01,EX0,0.31
2014-11-01,EX3,0.47
2014-11-01,MS,0.38
2014-11-01,Média dos núcleos,0.396
2014-11-01,P55,0.44
2014-12-01,DP,0.68
2014-12-01,EX0,0.87
2014-12-01,EX3,0.68
2014-12-01,MS,0.49
2014-12-01,Média dos núcleos,0.66
2014-12-01,P55,0.58
2015-01-01,DP,0.83
2015-01-01,EX0,0.64
2015-01-01,EX3,0.52
2015-01-01,MS,0.74
2015-01-01,Média dos núcleos,0.712
2015-01-01,P55,0.83
2015-02-01,DP,0.83
2015-02-01,EX0,0.91
2015-02-01,EX3,0.59
2015-02-01,MS,0.77
2015-02-01,Média dos núcleos,0.774
2015-02-01,P55,0.77
2015-03-01,DP,0.78
2015-03-01,EX0,0.57
2015-03-01,EX3,0.85
2015-03-01,MS,0.76
2015-03-01,Média dos núcleos,0.746
2015-03-01,P55,0.77
2015-04-01,DP,0.74
2015-04-01,EX0,0.61
2015-04-01,EX3,0.75
2015-04-01,MS,0.72
2015-04-01,Média dos núcleos,0.708
2015-04-01,P55,0.72
2015-05-01,DP,0.66
2015-05-01,EX0,0.31
2015-05-01,EX3,0.73
2015-05-01,MS,0.75
2015-05-01,Média dos núcleos,0.628
2015-05-01,P55,0.69
2015-06-01,DP,0.77
2015-06-01,EX0,0.68
2015-06-01,EX3,0.73
2015-06-01,MS,0.72
2015-06-01,Média dos núcleos,0.712
2015-06-01,P55,0.66
2015-07-01,DP,0.63
2015-07-01,EX0,0.41
2015-07-01,EX3,0.54
2015-07-01,MS,0.67
2015-07-01,Média dos núcleos,0.572
2015-07-01,P55,0.61
2015-08-01,DP,0.43
2015-08-01,EX0,0.33
2015-08-01,EX3,0.53
2015-08-01,MS,0.56
2015-08-01,Média dos núcleos,0.4800000000000001
2015-08-01,P55,0.55
2015-09-01,DP,0.69
2015-09-01,EX0,0.55
2015-09-01,EX3,0.55
2015-09-01,MS,0.64
2015-09-01,Média dos núcleos,0.5820000000000001
2015-09-01,P55,0.48
2015-10-01,DP,0.73
2015-10-01,EX0,0.63
2015-10-01,EX3,0.58
2015-10-01,MS,0.66
2015-10-01,Média dos núcleos,0.6679999999999999
2015-10-01,P55,0.74
2015-11-01,DP,0.71
2015-11-01,EX0,0.59
2015-11-01,EX3,0.63
2015-11-01,MS,0.75
2015-11-01,Média dos núcleos,0.6759999999999999
2015-11-01,P55,0.7
2015-12-01,DP,0.73
2015-12-01,EX0,0.86
2015-12-01,EX3,0.69
2015-12-01,MS,0.79
2015-12-01,Média dos núcleos,0.734
2015-12-01,P55,0.6
2016-01-01,DP,0.86
2016-01-01,EX0,0.62
2016-01-01,EX3,0.68
2016-01-01,MS,0.84
2016-01-01,Média dos núcleos,0.79
2016-01-01,P55,0.95
2016-02-01,DP,0.78
2016-02-01,EX0,1.0
2016-02-01,EX3,0.67
2016-02-01,MS,0.73
2016-02-01,Média dos núcleos,0.768
2016-02-01,P55,0.66
2016-03-01,DP,0.48
2016-03-01,EX0,0.42
2016-03-01,EX3,0.6
2016-03-01,MS,0.61
2016-03-01,Média dos núcleos,0.5399999999999999
2016-03-01,P55,0.59
2016-04-01,DP,0.78
2016-04-01,EX0,0.43
2016-04-01,EX3,0.57
2016-04-01,MS,0.67
2016-04-01,Média dos núcleos,0.608
2016-04-01,P55,0.59
2016-05-01,DP,0.81
2016-05-01,EX0,0.5
2016-05-01,EX3,0.61
2016-05-01,MS,0.73
2016-05-01,Média dos núcleos,0.65
2016-05-01,P55,0.6
2016-06-01,DP,0.49
2016-06-01,EX0,0.29
2016-06-01,EX3,0.44
2016-06-01,MS,0.59
2016-06-01,Média dos núcleos,0.47400000000000003
2016-06-01,P55,0.56
2016-07-01,DP,0.53
2016-07-01,EX0,0.41
2016-07-01,EX3,0.38
2016-07-01,MS,0.51
2016-07-01,Média dos núcleos,0.44400000000000006
2016-07-01,P55,0.39
2016-08-01,DP,0.49
2016-08-01,EX0,0.54
2016-08-01,EX3,0.39
2016-08-01,MS,0.55
2016-08-01,Média dos núcleos,0.508
2016-08-01,P55,0.57
2016-09-01,DP,0.3
2016-09-01,EX0,0.16
2016-09-01,EX3,0.33
2016-09-01,MS,0.34
2016-09-01,Média dos núcleos,0.28400000000000003
2016-09-01,P55,0.29
2016-10-01,DP,0.4
2016-10-01,EX0,0.35
2016-10-01,EX3,0.32
2016-10-01,MS,0.4
2016-10-01,Média dos núcleos,0.37799999999999995
2016-10-01,P55,0.42
2016-11-01,DP,0.38
2016-11-01,EX0,0.35
2016-11-01,EX3,0.35
2016-11-01,MS,0.39
2016-11-01,Média dos núcleos,0.352
2016-11-01,P55,0.29
2016-12-01,DP,0.4
2016-12-01,EX0,0.53
2016-12-01,EX3,0.35
2016-12-01,MS,0.37
2016-12-01,Média dos núcleos,0.39
2016-12-01,P55,0.3
2017-01-01,DP,0.43
2017-01-01,EX0,0.27
2017-01-01,EX3,0.27
2017-01-01,MS,0.38
2017-01-01,Média dos núcleos,0.374
2017-01-01,P55,0.52
2017-02-01,DP,0.33
2017-02-01,EX0,0.54
2017-02-01,EX3,0.25
2017-02-01,MS,0.26
2017-02-01,Média dos núcleos,0.338
2017-02-01,P55,0.31
2017-03-01,DP,0.25
2017-03-01,EX0,0.14
2017-03-01,EX3,0.25
2017-03-01,MS,0.28
2017-03-01,Média dos núcleos,0.258
2017-03-01,P55,0.37
2017-04-01,DP,0.31
2017-04-01,EX0,0.29
2017-04-01,EX3,0.24
2017-04-01,MS,0.34
2017-04-01,Média dos núcleos,0.30000000000000004
2017-04-01,P55,0.32
2017-05-01,DP,0.18
2017-05-01,EX0,0.05
2017-05-01,EX3,0.24
2017-05-01,MS,0.23
2017-05-01,Média dos núcleos,0.20400000000000001
2017-05-01,P55,0.32
2017-06-01,DP,0.24
2017-06-01,EX0,0.22
2017-06-01,EX3,0.28
2017-06-01,MS,0.28
2017-06-01,Média dos núcleos,0.256
2017-06-01,P55,0.26
2017-07-01,DP,0.19
2017-07-01,EX0,0.11
2017-07-01,EX3,0.1
2017-07-01,MS,0.15
2017-07-01,Média dos núcleos,0.14200000000000002
2017-07-01,P55,0.16
2017-08-01,DP,0.24
2017-08-01,EX0,0.11
2017-08-01,EX3,0.15
2017-08-01,MS,0.26
2017-08-01,Média dos núcleos,0.21200000000000002
2017-08-01,P55,0.3
2017-09-01,DP,0.26
2017-09-01,EX0,0.37
2017-09-01,EX3,0.21
2017-09-01,MS,0.24
2017-09-01,Média dos núcleos,0.248
2017-09-01,P55,0.16
2017-10-01,DP,0.32
2017-10-01,EX0,0.34
2017-10-01,EX3,0.27
2017-10-01,MS,0.34
2017-10-01,Média dos núcleos,0.31400000000000006
2017-10-01,P55,0.3
2017-11-01,DP,0.19
2017-11-01,EX0,0.11
2017-11-01,EX3,0.13
2017-11-01,MS,0.2
2017-11-01,Média dos núcleos,0.174
2017-11-01,P55,0.24
2017-12-01,DP,0.49
2017-12-01,EX0,0.55
2017-12-01,EX3,0.39
2017-12-01,MS,0.46
2017-12-01,Média dos núcleos,0.458
2017-12-01,P55,0.4
2018-01-01,DP,0.19
2018-01-01,EX0,0.11
2018-01-01,EX3,-0.02
2018-01-01,MS,0.28
2018-01-01,Média dos núcleos,0.14200000000000002
2018-01-01,P55,0.15
2018-02-01,DP,0.25
2018-02-01,EX0,0.47
2018-02-01,EX3,0.12
2018-02-01,MS,0.25
2018-02-01,Média dos núcleos,0.25199999999999995
2018-02-01,P55,0.17
2018-03-01,DP,0.19
2018-03-01,EX0,0.1
2018-03-01,EX3,0.27
2018-03-01,MS,0.26
2018-03-01,Média dos núcleos,0.194
2018-03-01,P55,0.15
2018-04-01,DP,0.13
2018-04-01,EX0,0.04
2018-04-01,EX3,0.15
2018-04-01,MS,0.21
2018-04-01,Média dos núcleos,0.136
2018-04-01,P55,0.15
2018-05-01,DP,0.21
2018-05-01,EX0,-0.01
2018-05-01,EX3,0.18
2018-05-01,MS,0.22
2018-05-01,Média dos núcleos,0.182
2018-05-01,P55,0.31
2018-06-01,DP,0.58
2018-06-01,EX0,0.23
2018-06-01,EX3,0.25
2018-06-01,MS,0.42
2018-06-01,Média dos núcleos,0.38
2018-06-01,P55,0.42
2018-07-01,DP,0.36
2018-07-01,EX0,0.33
2018-07-01,EX3,0.2
2018-07-01,MS,0.36
2018-07-01,Média dos núcleos,0.31
2018-07-01,P55,0.3
2018-08-01,DP,0.17
2018-08-01,EX0,-0.02
2018-08-01,EX3,0.21
2018-08-01,MS,0.31
2018-08-01,Média dos núcleos,0.18
2018-08-01,P55,0.23
2018-09-01,DP,0.36
2018-09-01,EX0,0.39
2018-09-01,EX3,0.28
2018-09-01,MS,0.28
2018-09-01,Média dos núcleos,0.328
2018-09-01,P55,0.33
2018-10-01,DP,0.24
2018-10-01,EX0,0.28
2018-10-01,EX3,0.17
2018-10-01,MS,0.26
2018-10-01,Média dos núcleos,0.24000000000000005
2018-10-01,P55,0.25
2018-11-01,DP,0.07
2018-11-01,EX0,0.0
2018-11-01,EX3,-0.08
2018-11-01,MS,0.34
2018-11-01,Média dos núcleos,0.124
2018-11-01,P55,0.29
2018-12-01,DP,0.3
2018-12-01,EX0,0.52
2018-12-01,EX3,0.49
2018-12-01,MS,0.38
2018-12-01,Média dos núcleos,0.388
2018-12-01,P55,0.25
2019-01-01,DP,0.43
2019-01-01,EX0,0.26
2019-01-01,EX3,0.29
2019-01-01,MS,0.47
2019-01-01,Média dos núcleos,0.374
2019-01-01,P55,0.42
2019-02-01,DP,0.24
2019-02-01,EX0,0.27
2019-02-01,EX3,0.12
2019-02-01,MS,0.2
2019-02-01,Média dos núcleos,0.22000000000000003
2019-02-01,P55,0.27
2019-03-01,DP,0.37
2019-03-01,EX0,0.39
2019-03-01,EX3,0.24
2019-03-01,MS,0.33
2019-03-01,Média dos núcleos,0.33799999999999997
2019-03-01,P55,0.36
2019-04-01,DP,0.4
2019-04-01,EX0,0.35
2019-04-01,EX3,0.45
2019-04-01,MS,0.37
2019-04-01,Média dos núcleos,0.382
2019-04-01,P55,0.34
2019-05-01,DP,0.18
2019-05-01,EX0,-0.05
2019-05-01,EX3,0.22
2019-05-01,MS,0.29
2019-05-01,Média dos núcleos,0.18
2019-05-01,P55,0.26
2019-06-01,DP,0.2
2019-06-01,EX0,0.21
2019-06-01,EX3,0.29
2019-06-01,MS,0.2
2019-06-01,Média dos núcleos,0.21399999999999997
2019-06-01,P55,0.17
2019-07-01,DP,0.24
2019-07-01,EX0,0.16
2019-07-01,EX3,-0.08
2019-07-01,MS,0.18
2019-07-01,Média dos núcleos,0.13799999999999998
2019-07-01,P55,0.19
2019-08-01,DP,0.21
2019-08-01,EX0,0.15
2019-08-01,EX3,0.25
2019-08-01,MS,0.23
2019-08-01,Média dos núcleos,0.22000000000000003
2019-08-01,P55,0.26
2019-09-01,DP,0.08
2019-09-01,EX0,0.07
2019-09-01,EX3,0.17
2019-09-01,MS,0.13
2019-09-01,Média dos núcleos,0.10400000000000001
2019-09-01,P55,0.07
2019-10-01,DP,0.21
2019-10-01,EX0,0.23
2019-10-01,EX3,0.31
2019-10-01,MS,0.18
2019-10-01,Média dos núcleos,0.236
2019-10-01,P55,0.25
2019-11-01,DP,0.44
2019-11-01,EX0,0.17
2019-11-01,EX3,0.13
2019-11-01,MS,0.2
2019-11-01,Média dos núcleos,0.236
2019-11-01,P55,0.24
2019-12-01,DP,0.69
2019-12-01,EX0,0.55
2019-12-01,EX3,0.48
2019-12-01,MS,0.39
2019-12-01,Média dos núcleos,0.49399999999999994
2019-12-01,P55,0.36
2020-01-01,DP,0.31
2020-01-01,EX0,0.08
2020-01-01,EX3,0.11
2020-01-01,MS,0.39
2020-01-01,Média dos núcleos,0.258
2020-01-01,P55,0.4
2020-02-01,DP,0.25
2020-02-01,EX0,0.52
2020-02-01,EX3,0.25
2020-02-01,MS,0.25
2020-02-01,Média dos núcleos,0.292
2020-02-01,P55,0.19
2020-03-01,DP,0.12
2020-03-01,EX0,-0.1
2020-03-01,EX3,0.12
2020-03-01,MS,0.25
2020-03-01,Média dos núcleos,0.10400000000000001
2020-03-01,P55,0.13
2020-04-01,DP,-0.06
2020-04-01,EX0,-0.13
2020-04-01,EX3,-0.03
2020-04-01,MS,0.1
2020-04-01,Média dos núcleos,-0.013999999999999999
2020-04-01,P55,0.05
2020-05-01,DP,-0.06
2020-05-01,EX0,-0.27
2020-05-01,EX3,-0.13
2020-05-01,MS,0.02
2020-05-01,Média dos núcleos,-0.088
2020-05-01,P55,0.0
2020-06-01,DP,0.24
2020-06-01,EX0,-0.05
2020-06-01,EX3,-0.02
2020-06-01,MS,0.14
2020-06-01,Média dos núcleos,0.11200000000000002
2020-06-01,P55,0.25
2020-07-01,DP,0.17
2020-07-01,EX0,0.04
2020-07-01,EX3,0.02
2020-07-01,MS,0.11
2020-07-01,Média dos núcleos,0.12799999999999997
2020-07-01,P55,0.3
2020-08-01,DP,0.18
2020-08-01,EX0,-0.21
2020-08-01,EX3,0.1
2020-08-01,MS,0.13
2020-08-01,Média dos núcleos,0.096
2020-08-01,P55,0.28
2020-09-01,DP,0.21
2020-09-01,EX0,0.33
2020-09-01,EX3,0.36
2020-09-01,MS,0.19
2020-09-01,Média dos núcleos,0.27799999999999997
2020-09-01,P55,0.3
2020-10-01,DP,0.5
2020-10-01,EX0,0.72
2020-10-01,EX3,0.66
2020-10-01,MS,0.34
2020-10-01,Média dos núcleos,0.514
2020-10-01,P55,0.35
2020-11-01,DP,0.55
2020-11-01,EX0,0.49
2020-11-01,EX3,0.38
2020-11-01,MS,0.34
2020-11-01,Média dos núcleos,0.44000000000000006
2020-11-01,P55,0.44
2020-12-01,DP,0.66
2020-12-01,EX0,0.86
2020-12-01,EX3,0.6
2020-12-01,MS,0.39
2020-12-01,Média dos núcleos,0.65
2020-12-01,P55,0.74
2021-01-01,DP,0.48
2021-01-01,EX0,0.27
2021-01-01,EX3,0.56
2021-01-01,MS,0.4
2021-01-01,Média dos núcleos,0.446
2021-01-01,P55,0.52
2021-02-01,DP,0.52
2021-02-01,EX0,0.65
2021-02-01,EX3,0.45
2021-02-01,MS,0.38
2021-02-01,Média dos núcleos,0.508
2021-02-01,P55,0.54
2021-03-01,DP,0.53
2021-03-01,EX0,0.39
2021-03-01,EX3,0.41
2021-03-01,MS,0.35
2021-03-01,Média dos núcleos,0.41200000000000003
2021-03-01,P55,0.38
2021-04-01,DP,0.35
2021-04-01,EX0,0.24
2021-04-01,EX3,0.37
2021-04-01,MS,0.4
2021-04-01,Média dos núcleos,0.32599999999999996
2021-04-01,P55,0.27
2021-05-01,DP,0.57
2021-05-01,EX0,0.41
2021-05-01,EX3,0.51
2021-05-01,MS,0.57
2021-05-01,Média dos núcleos,0.5459999999999999
2021-05-01,P55,0.67
2021-06-01,DP,0.5
2021-06-01,EX0,0.45
2021-06-01,EX3,0.55
2021-06-01,MS,0.58
2021-06-01,Média dos núcleos,0.532
2021-06-01,P55,0.58
2021-07-01,DP,0.6
2021-07-01,EX0,0.68
2021-07-01,EX3,0.54
2021-07-01,MS,0.58
2021-07-01,Média dos núcleos,0.5880000000000001
2021-07-01,P55,0.54
2021-08-01,DP,0.7
2021-08-01,EX0,0.64
2021-08-01,EX3,0.62
2021-08-01,MS,0.68
2021-08-01,Média dos núcleos,0.6719999999999999
2021-08-01,P55,0.72
2021-09-01,DP,0.67
2021-09-01,EX0,0.8
2021-09-01,EX3,0.52
2021-09-01,MS,0.63
2021-09-01,Média dos núcleos,0.6839999999999999
2021-09-01,P55,0.8
2021-10-01,DP,0.92
2021-10-01,EX0,1.19
2021-10-01,EX3,0.92
2021-10-01,MS,0.84
2021-10-01,Média dos núcleos,0.954
2021-10-01,P55,0.9
2021-11-01,DP,0.71
2021-11-01,EX0,0.55
2021-11-01,EX3,0.23
2021-11-01,MS,0.72
2021-11-01,Média dos núcleos,0.61
2021-11-01,P55,0.84
2021-12-01,DP,0.82
2021-12-01,EX0,1.04
2021-12-01,EX3,1.22
2021-12-01,MS,0.89
2021-12-01,Média dos núcleos,0.898
2021-12-01,P55,0.52
2022-01-01,DP,0.89
2022-01-01,EX0,0.72
2022-01-01,EX3,1.04
2022-01-01,MS,1.06
2022-01-01,Média dos núcleos,0.874
2022-01-01,P55,0.66
2022-02-01,DP,0.93
2022-02-01,EX0,1.26
2022-02-01,EX3,1.0
2022-02-01,MS,0.94
2022-02-01,Média dos núcleos,0.9959999999999999
2022-02-01,P55,0.85
2022-03-01,DP,0.97
2022-03-01,EX0,0.76
2022-03-01,EX3,1.1
2022-03-01,MS,1.04
2022-03-01,Média dos núcleos,0.9800000000000001
2022-03-01,P55,1.03
2022-04-01,DP,0.94
2022-04-01,EX0,0.89
2022-04-01,EX3,0.94
2022-04-01,MS,1.01
2022-04-01,Média dos núcleos,0.95
2022-04-01,P55,0.97
2022-05-01,DP,0.86
2022-05-01,EX0,0.94
2022-05-01,EX3,1.06
2022-05-01,MS,0.98
2022-05-01,Média dos núcleos,0.93
2022-05-01,P55,0.81
2022-06-01,DP,0.93
2022-06-01,EX0,0.77
2022-06-01,EX3,1.01
2022-06-01,MS,0.97
2022-06-01,Média dos núcleos,0.892
2022-06-01,P55,0.78
2022-07-01,DP,0.41
2022-07-01,EX0,0.43
2022-07-01,EX3,0.63
2022-07-01,MS,0.62
2022-07-01,Média dos núcleos,0.526
2022-07-01,P55,0.54
2022-08-01,DP,0.43
2022-08-01,EX0,0.5
2022-08-01,EX3,1.1
2022-08-01,MS,0.64
2022-08-01,Média dos núcleos,0.664
2022-08-01,P55,0.65
2022-09-01,DP,0.21
2022-09-01,EX0,0.26
2022-09-01,EX3,0.69
2022-09-01,MS,0.39
2022-09-01,Média dos núcleos,0.41
2022-09-01,P55,0.5
2022-10-01,DP,0.49
2022-10-01,EX0,0.71
2022-10-01,EX3,0.71
2022-10-01,MS,0.46
2022-10-01,Média dos núcleos,0.554
2022-10-01,P55,0.4
2022-11-01,DP,0.34
2022-11-01,EX0,0.12
2022-11-01,EX3,0.28
2022-11-01,MS,0.38
2022-11-01,Média dos núcleos,0.324
2022-11-01,P55,0.5
2022-12-01,DP,0.61
2022-12-01,EX0,0.74
2022-12-01,EX3,1.02
2022-12-01,MS,0.49
2022-12-01,Média dos núcleos,0.662
2022-12-01,P55,0.45
2023-01-01,DP,0.66
2023-01-01,EX0,0.43
2023-01-01,EX3,0.33
2023-01-01,MS,0.49
2023-01-01,Média dos núcleos,0.516
2023-01-01,P55,0.67
2023-02-01,DP,0.76
2023-02-01,EX0,1.06
2023-02-01,EX3,0.64
2023-02-01,MS,0.48
2023-02-01,Média dos núcleos,0.7300000000000001
2023-02-01,P55,0.71
2023-03-01,DP,0.44
2023-03-01,EX0,0.26
2023-03-01,EX3,0.37
2023-03-01,MS,0.36
2023-03-01,Média dos núcleos,0.368
2023-03-01,P55,0.41
2023-04-01,DP,0.56
2023-04-01,EX0,0.47
2023-04-01,EX3,0.53
2023-04-01,MS,0.5
2023-04-01,Média dos núcleos,0.51
2023-04-01,P55,0.49
2023-05-01,DP,0.46
2023-05-01,EX0,0.08
2023-05-01,EX3,0.44
2023-05-01,MS,0.49
2023-05-01,Média dos núcleos,0.372
2023-05-01,P55,0.39
2023-06-01,DP,0.13
2023-06-01,EX0,0.13
2023-06-01,EX3,0.42
2023-06-01,MS,0.11
2023-06-01,Média dos núcleos,0.2
2023-06-01,P55,0.21
2023-07-01,DP,0.21
2023-07-01,EX0,0.2
2023-07-01,EX3,0.09
2023-07-01,MS,0.22
2023-07-01,Média dos núcleos,0.18
2023-07-01,P55,0.18
2023-08-01,DP,0.29
2023-08-01,EX0,0.18
2023-08-01,EX3,0.24
2023-08-01,MS,0.33
2023-08-01,Média dos núcleos,0.276
2023-08-01,P55,0.34
2023-09-01,DP,0.22
2023-09-01,EX0,0.22
2023-09-01,EX3,0.12
2023-09-01,MS,0.3
2023-09-01,Média dos núcleos,0.21599999999999997
2023-09-01,P55,0.22
2023-10-01,DP,0.22
2023-10-01,EX0,0.35
2023-10-01,EX3,0.14
2023-10-01,MS,0.31
2023-10-01,Média dos núcleos,0.258
2023-10-01,P55,0.27
2023-11-01,DP,0.2
2023-11-01,EX0,0.21
2023-11-01,EX3,-0.08
2023-11-01,MS,0.37
2023-11-01,Média dos núcleos,0.186
2023-11-01,P55,0.23
2023-12-01,DP,0.43
2023-12-01,EX0,0.47
2023-12-01,EX3,0.46
2023-12-01,MS,0.47
2023-12-01,Média dos núcleos,0.45
2023-12-01,P55,0.42
2024-01-01,DP,0.45
2024-01-01,EX0,0.16
2024-01-01,EX3,0.61
2024-01-01,MS,0.51
2024-01-01,Média dos núcleos,0.426
2024-01-01,P55,0.4
2024-02-01,DP,0.53
2024-02-01,EX0,0.73
2024-02-01,EX3,0.28
2024-02-01,MS,0.42
2024-02-01,Média dos núcleos,0.496
2024-02-01,P55,0.52
2024-03-01,DP,0.16
2024-03-01,EX0,0.01
2024-03-01,EX3,0.21
2024-03-01,MS,0.24
2024-03-01,Média dos núcleos,0.154
2024-03-01,P55,0.15
2024-04-01,DP,0.31
2024-04-01,EX0,0.11
2024-04-01,EX3,0.26
2024-04-01,MS,0.3
2024-04-01,Média dos núcleos,0.264
2024-04-01,P55,0.34
